ชื่อสินค้า,ราคา
ซีพี ขาหลังเผา กก. ละ,145.00
ซีพี มันแข็ง กก.ละ,84.00
ซูเปอร์เชฟ สามชั้นสไลซ์ แช่แข็ง 150 กรัม แพ็ค 3,129.00
ซูเปอร์เชฟ หมูบดอนามัย แช่แข็ง 200 กรัม แพ็ค 3,129.00
ซูเปอร์เชฟ สันคอสไลซ์ แช่แข็ง 150 กรัม แพ็ค 3,129.00
ซูเปอร์เชฟ หมูเด้ง แช่แข็ง 220 กรัม แพ็ค 3,119.00
ซีพี ซี่โครงหมูหั่นชิ้น-TMF 250 กรัม,65.00
ซีพี ซี่โครงอ่อนหมูหั่นชิ้น-TMF250 กรัม,76.00
ซีพี สันนอกสไลด์ กก. ละ,184.00
ซีพี เศษคากิ กก. ละ,75.00
ซีพี คากิ (ข้อสอง) กก. ละ,91.00
ซีพี หมุบดปนมัน 10% กก. ละ,150.00
ซีพี เนื้อขาเลาะ กก. ละ,150.00
ซีพี กระโหลกหมู กก.ละ,41.00
ซีพี สะโพกสไลด์ กก. ละ,184.00
ซีพี เศษสามชั้นสไลด์ กก. ละ,180.00
ซีพี สันในหมูอนามัย 1 กก.,239.00
ยูฟาร์ม พอร์คช็อปชีวา 250 กรัม,69.00
ยูฟาร์ม ซี่โครงอ่อนหมูชีวาสไลซ์ 330 กรัม,79.00
โลตัส พอร์คช็อปสเต็ก 350 กรัม,65.00
ซีพี กระดูกอ่อนไหล่ กก. ละ,252.00
ซีพี ชิ้นมันคอ กก. ละ,85.00
ซีพี กระดูกข้อ (คาตั๊ง) กก. ละ,95.00
ซีพี หมูบดเบอร์ กก. ละ,120.00
ซีพี กระดูกซุปหั่นชิ้นอนามัย 1 กก.,105.00
ยูฟาร์ม ซี่โครงหมูชีวา 350 กรัม,75.00
ซีพี ชิ้นเนื้อหมูดี กก. ละ,182.00
ซีพี ขาหน้าเผา กก. ละ,136.00
ซีพี ซีเลคชั่น สันคอสไลซ์ 200 กรัม,69.00
ซีพี เนื้อไหล่ตัดชิ้น แช่แข็ง กก.ละ,140.00
ซีพี สะโพกหมูตัดชิ้น แช่แข็ง กก.ละ,139.00
ซีพี ไส้ตัน กก. ละ,260.00
ซีพี กระดูกซุป หั่นชิ้น กก. ละ,62.00
ซีพี หมูสามชั้นสไลซ์อนามัย 500 กรัม,109.00
ซีพี คุโรบูตะ หมูบดอนามัย 1 กก.,239.00
ซีพีหมูบด กก.ละ,124.00
ซีพี สันนอก กก. ละ,180.00
ซีพี หมูชำแหละไม่รวมหัวเครื่องใน กก. ละ,169.00
ยูฟาร์ม สันคอหมูชีวา 250 กรัม,85.00
ยูฟาร์ม สันนอกหมูชีวา 250 กรัม,59.00
หมูบดปนมัน 50% กก. ละ,135.00
ซีพี หนังสะโพกติดมัน กก. ละ,86.00
ซีพี หนังไหล่ติดมัน กก. ละ,83.00
ซีพี ขาหน้าเผาแบ่งคากิ กก. ละ,97.00
ซีพี เครื่องในหมูชุด กก. ละ,105.00
ซีพี สันคอหมูสไลซ์อนามัย 500 กรัม,110.00
ซีพี เนื้อไหล่ กก.ละ,157.00
ซีพี กระดูกซุป กก.ละ,51.00
ซีพี คูโรบูตะ สะโพกสเต็ก แช่แข็ง แพ็ค 250 ก.,89.00
ซีพี คูโรบูตะ ชุดหมูดำสไลซ์แช่แข็ง 600 ก.,249.00
ยูฟาร์ม สันคอหมูชีวาสไลซ์แช่แข็ง 200 กรัม,139.00
เอโร่ หมูบดแช่แข็ง 1 กก.,199.00
ซีพี สันคอหมูตัดชิ้น กก.ละ,185.00
ซีพี สามชั้นหมูตัดเส้น 1-2 นิ้ว กก.ละ,215.00
ซีพี สันนอกหมูตัดชิ้น กก.ละ,145.00
ซีพี เนื้อไหล่หมูตัดชิ้น กก.ละ,145.00
ซีพี สะโพกหมูตัดชิ้น กก.ละ,148.00
ซีพี ซีเลคชั่น สันนอกหมู กก.ละ,130.00
ซีพี คากิ กก. ละ,91.00
ซีพี ม้าม กก. ละ,102.00
ซีพี กระดูกข้อ กก.ละ,59.00
ซีพี สะโพกหมูตัดเส้น กก.ละ,139.00
ซีพี สันคอหมูสไลซ์แช่แข็ง 1 กก.,299.00
ซีพี เลือดหมูก้อน ปรุงรสพาสเจอร์ไรซ์ 400 กรัม,24.00
ซีพี ขาหน้าเผา กก.ละ,175.00
ซีพี ปอด กก. ละ,58.00
ซีพี สันคอหมูกระทะแช่แข็ง 1000 กรัม,299.00
ขาหมูเผาเลาะกระดูกหั่นชิ้น กก. ละ,179.00
ซีพี คูโรบูตะ แฮมสเต็กแช่แข็ง 160 กรัม,99.00
ซีพี สามชั้นหมูกระทะแช่แข็ง 1000 กรัม,299.00
ซีพี หมูบดเบอร์ 1 กก. ละ,132.00
ซีพี คูโรบูตะ โชวเดอร์สเต็กแช่แข็ง 160 กรัม,62.00
ซีพี สันคอหมูตัดชิ้น แช่แข็ง กก.ละ,220.00
ซีพี สันใน กก. ละ,174.00
ซีพี สันในแต่ง กก. ละ,174.00
ซีพี กระเพาะลวก กก. ละ,166.00
ซีพี ซี่โครงหมูอ่อนหั่นชิ้นอนามัย 1000 กรัม,255.00
ซีพี สามชั้นหั่น(ชิ้นเล็ก) กก. ละ,235.00
ซีพี เนื้อหมูกระทะแช่แข็ง 1000 กรัม,219.00
โลตัส สันนอกหมูตัดสเต็ก 400 กรัม,75.00
ซีพี หมูบดแช่แข็ง 500 กรัม,109.00
ซีพี ขาหมูเผาเลาะกระดูกหั่นชิ้นอนามัย 1 กก.,205.00
ซีพี หัวหมูติดลิ้น กก. ละ,88.00
ซีพี มันแข็งหมูหั่นชิ้นแช่แข็ง 500 กรัม,69.00
ซีพี สันคอแต่ง กก. ละ,205.00
ซีพี สันคอสไลซ์อนามัยแช่แข็ง 1 กก.,299.00
ซีพี สะโพกแต่ง กก. ละ,153.00
ซีพี พอร์คช็อป สไลด์ กก. ละ,235.00
ซีพี สันนอกหมูตัดชิ้น แช่แข็ง กก.ละ,170.00
ซีพี หมูบดแช่แข็ง 1000 กรัม,159.00
โลตัส ตับหมูสไลซ์ 300 กรัม,49.00
ซีพี ซีเลคชั่น หมูบด 250 กรัม,59.00
ยูฟาร์ม สามชั้นหมูชีวา 250 กรัม,65.00
ยูฟาร์ม สันในหมูชีวา 250 กรัม,79.00
ยูฟาร์ม สันนอกหมูชีวาสไลซ์ 200 กรัม,49.00
สันนอกหมูสไลด์ กก.ละ,178.00
หมูบดแช่แข็ง กก.ละ,162.00
โลตัส หมูสามชั้น 200 ก.,75.00
โลตัส หมูเนื้อแดง 250 ก.,65.00
ซีพี ขาหลังเผาแบ่งคากิ กก. ละ,137.00
